
INSERT INTO Genre (name) VALUES(N'Genre 1');
INSERT INTO Genre (name) VALUES(N'Genre 2');
INSERT INTO Genre (name) VALUES(N'Genre 3');
INSERT INTO Genre (name) VALUES(N'Genre 4');
INSERT INTO Genre (name) VALUES(N'Genre 5');
INSERT INTO Genre (name) VALUES(N'Genre 6');
INSERT INTO Genre (name) VALUES(N'Genre 7');
INSERT INTO Genre (name) VALUES(N'Genre 8');
INSERT INTO Genre (name) VALUES(N'Genre 9');
INSERT INTO Genre (name) VALUES(N'Genre 10');

INSERT INTO TitleType (name) VALUES(N'Title Type 1');
INSERT INTO TitleType (name) VALUES(N'Title Type 2');
INSERT INTO TitleType (name) VALUES(N'Title Type 3');
INSERT INTO TitleType (name) VALUES(N'Title Type 4');
INSERT INTO TitleType (name) VALUES(N'Title Type 5');
INSERT INTO TitleType (name) VALUES(N'Title Type 6');
INSERT INTO TitleType (name) VALUES(N'Title Type 7');
INSERT INTO TitleType (name) VALUES(N'Title Type 8');
INSERT INTO TitleType (name) VALUES(N'Title Type 9');
INSERT INTO TitleType (name) VALUES(N'Title Type 10');

INSERT INTO Name (primaryName, birthYear, deathYear) VALUES(N'Name 1', 1951, 2011);
INSERT INTO Name (primaryName, birthYear, deathYear) VALUES(N'Name 2', 1952, 2012);
INSERT INTO Name (primaryName, birthYear, deathYear) VALUES(N'Name 3', 1953, 2013);
INSERT INTO Name (primaryName, birthYear, deathYear) VALUES(N'Name 4', 1954, 2014);
INSERT INTO Name (primaryName, birthYear, deathYear) VALUES(N'Name 5', 1955, 2015);
INSERT INTO Name (primaryName, birthYear, deathYear) VALUES(N'Name 6', 1956, 2016);
INSERT INTO Name (primaryName, birthYear, deathYear) VALUES(N'Name 7', 1957, 2017);
INSERT INTO Name (primaryName, birthYear, deathYear) VALUES(N'Name 8', 1958, 2018);
INSERT INTO Name (primaryName, birthYear, deathYear) VALUES(N'Name 9', 1959, 2019);
INSERT INTO Name (primaryName, birthYear, deathYear) VALUES(N'Name 10', 1960, 2020);
INSERT INTO Name (primaryName, birthYear) VALUES(N'Name 11', 1981);
INSERT INTO Name (primaryName, birthYear) VALUES(N'Name 12', 1982);
INSERT INTO Name (primaryName, birthYear) VALUES(N'Name 13', 1983);
INSERT INTO Name (primaryName, birthYear) VALUES(N'Name 14', 1984);
INSERT INTO Name (primaryName, birthYear) VALUES(N'Name 15', 1985);
INSERT INTO Name (primaryName, birthYear) VALUES(N'Name 16', 1986);
INSERT INTO Name (primaryName, birthYear) VALUES(N'Name 17', 1987);
INSERT INTO Name (primaryName, birthYear) VALUES(N'Name 18', 1988);
INSERT INTO Name (primaryName, birthYear) VALUES(N'Name 19', 1989);
INSERT INTO Name (primaryName, birthYear) VALUES(N'Name 20', 1990);

/*----------------------------------------------------------------------------------------------------------------------------------------------------------------------*/

INSERT INTO Title (titleTypeId, primaryTitle, originalTitle, isAdult, startYear, endyear, runtime) VALUES(1, 'Primary Title 1', 'Original Title 1', 0, 2001, 2002, 101);
INSERT INTO Title (titleTypeId, primaryTitle, originalTitle, isAdult, startYear, endyear, runtime) VALUES(2, 'Primary Title 2', 'Original Title 2', 1, 2002, 2003, 102);
INSERT INTO Title (titleTypeId, primaryTitle, originalTitle, isAdult, startYear, endyear, runtime) VALUES(1, 'Primary Title 3', 'Original Title 3', 0, 2003, 2004, 103);
INSERT INTO Title (titleTypeId, primaryTitle, originalTitle, isAdult, startYear, endyear, runtime) VALUES(2, 'Primary Title 4', 'Original Title 4', 1, 2004, 2005, 104);
INSERT INTO Title (titleTypeId, primaryTitle, originalTitle, isAdult, startYear, endyear, runtime) VALUES(1, 'Primary Title 5', 'Original Title 5', 0, 2005, 2006, 105);
INSERT INTO Title (titleTypeId, primaryTitle, originalTitle, isAdult, startYear, endyear, runtime) VALUES(2, 'Primary Title 6', 'Original Title 6', 1, 2006, 2007, 106);
INSERT INTO Title (titleTypeId, primaryTitle, originalTitle, isAdult, startYear, endyear, runtime) VALUES(1, 'Primary Title 7', 'Original Title 7', 0, 2007, 2008, 107);
INSERT INTO Title (titleTypeId, primaryTitle, originalTitle, isAdult, startYear, endyear, runtime) VALUES(2, 'Primary Title 8', 'Original Title 8', 1, 2008, 2009, 108);
INSERT INTO Title (titleTypeId, primaryTitle, originalTitle, isAdult, startYear, endyear, runtime) VALUES(1, 'Primary Title 9', 'Original Title 9', 0, 2009, 2010, 109);
INSERT INTO Title (titleTypeId, primaryTitle, originalTitle, isAdult, startYear, endyear, runtime) VALUES(2, 'Primary Title 10', 'Original Title 10', 1, 2010, 2011, 110);
INSERT INTO Title (titleTypeId, primaryTitle, originalTitle, isAdult, startYear, endyear, runtime) VALUES(1, 'Primary Title 11', 'Original Title 11', 0, 2011, 2012, 111);
INSERT INTO Title (titleTypeId, primaryTitle, originalTitle, isAdult, startYear, endyear, runtime) VALUES(2, 'Primary Title 12', 'Original Title 12', 1, 2012, 2013, 112);
INSERT INTO Title (titleTypeId, primaryTitle, originalTitle, isAdult, startYear, endyear, runtime) VALUES(1, 'Primary Title 13', 'Original Title 13', 0, 2013, 2014, 113);
INSERT INTO Title (titleTypeId, primaryTitle, originalTitle, isAdult, startYear, endyear, runtime) VALUES(2, 'Primary Title 14', 'Original Title 14', 1, 2014, 2015, 114);
INSERT INTO Title (titleTypeId, primaryTitle, originalTitle, isAdult, startYear, endyear, runtime) VALUES(1, 'Primary Title 15', 'Original Title 15', 0, 2015, 2016, 115);
INSERT INTO Title (titleTypeId, primaryTitle, originalTitle, isAdult, startYear, endyear, runtime) VALUES(2, 'Primary Title 16', 'Original Title 16', 1, 2016, 2017, 116);
INSERT INTO Title (titleTypeId, primaryTitle, originalTitle, isAdult, startYear, endyear, runtime) VALUES(1, 'Primary Title 17', 'Original Title 17', 0, 2017, 2018, 117);
INSERT INTO Title (titleTypeId, primaryTitle, originalTitle, isAdult, startYear, endyear, runtime) VALUES(2, 'Primary Title 18', 'Original Title 18', 1, 2018, 2019, 118);
INSERT INTO Title (titleTypeId, primaryTitle, originalTitle, isAdult, startYear, endyear, runtime) VALUES(1, 'Primary Title 19', 'Original Title 19', 0, 2019, 2020, 119);
INSERT INTO Title (titleTypeId, primaryTitle, originalTitle, isAdult, startYear, endyear, runtime) VALUES(2, 'Primary Title 20', 'Original Title 20', 1, 2020, 2021, 120);

INSERT INTO TitleGenre (titleId, genreId) VALUES(1, 1);
INSERT INTO TitleGenre (titleId, genreId) VALUES(2, 2);
INSERT INTO TitleGenre (titleId, genreId) VALUES(3, 3);
INSERT INTO TitleGenre (titleId, genreId) VALUES(4, 4);
INSERT INTO TitleGenre (titleId, genreId) VALUES(5, 5);
INSERT INTO TitleGenre (titleId, genreId) VALUES(6, 6);
INSERT INTO TitleGenre (titleId, genreId) VALUES(7, 7);
INSERT INTO TitleGenre (titleId, genreId) VALUES(8, 8);
INSERT INTO TitleGenre (titleId, genreId) VALUES(9, 9);
INSERT INTO TitleGenre (titleId, genreId) VALUES(10, 10);
INSERT INTO TitleGenre (titleId, genreId) VALUES(11, 1);
INSERT INTO TitleGenre (titleId, genreId) VALUES(12, 2);
INSERT INTO TitleGenre (titleId, genreId) VALUES(13, 3);
INSERT INTO TitleGenre (titleId, genreId) VALUES(14, 4);
INSERT INTO TitleGenre (titleId, genreId) VALUES(15, 5);
INSERT INTO TitleGenre (titleId, genreId) VALUES(16, 6);
INSERT INTO TitleGenre (titleId, genreId) VALUES(17, 7);
INSERT INTO TitleGenre (titleId, genreId) VALUES(18, 8);
INSERT INTO TitleGenre (titleId, genreId) VALUES(19, 9);
INSERT INTO TitleGenre (titleId, genreId) VALUES(20, 10);

INSERT INTO KnowForTitle(nameId, titleId) VALUES(1, 1);
INSERT INTO KnowForTitle(nameId, titleId) VALUES(2, 2);
INSERT INTO KnowForTitle(nameId, titleId) VALUES(3, 3);
INSERT INTO KnowForTitle(nameId, titleId) VALUES(4, 4);
INSERT INTO KnowForTitle(nameId, titleId) VALUES(5, 5);
INSERT INTO KnowForTitle(nameId, titleId) VALUES(6, 6);
INSERT INTO KnowForTitle(nameId, titleId) VALUES(7, 7);
INSERT INTO KnowForTitle(nameId, titleId) VALUES(8, 8);
INSERT INTO KnowForTitle(nameId, titleId) VALUES(9, 9);
INSERT INTO KnowForTitle(nameId, titleId) VALUES(10, 10);
INSERT INTO KnowForTitle(nameId, titleId) VALUES(1, 11);
INSERT INTO KnowForTitle(nameId, titleId) VALUES(2, 12);
INSERT INTO KnowForTitle(nameId, titleId) VALUES(3, 13);
INSERT INTO KnowForTitle(nameId, titleId) VALUES(4, 14);
INSERT INTO KnowForTitle(nameId, titleId) VALUES(5, 15);
INSERT INTO KnowForTitle(nameId, titleId) VALUES(6, 16);
INSERT INTO KnowForTitle(nameId, titleId) VALUES(7, 17);
INSERT INTO KnowForTitle(nameId, titleId) VALUES(8, 18);
INSERT INTO KnowForTitle(nameId, titleId) VALUES(9, 19);
INSERT INTO KnowForTitle(nameId, titleId) VALUES(10, 20);

INSERT INTO Director(nameId, titleId) VALUES(1, 1);
INSERT INTO Director(nameId, titleId) VALUES(2, 2);
INSERT INTO Director(nameId, titleId) VALUES(3, 3);
INSERT INTO Director(nameId, titleId) VALUES(4, 4);
INSERT INTO Director(nameId, titleId) VALUES(5, 5);
INSERT INTO Director(nameId, titleId) VALUES(6, 6);
INSERT INTO Director(nameId, titleId) VALUES(7, 7);
INSERT INTO Director(nameId, titleId) VALUES(8, 8);
INSERT INTO Director(nameId, titleId) VALUES(9, 9);
INSERT INTO Director(nameId, titleId) VALUES(10, 10);
INSERT INTO Director(nameId, titleId) VALUES(10, 11);
INSERT INTO Director(nameId, titleId) VALUES(9, 12);
INSERT INTO Director(nameId, titleId) VALUES(8, 13);
INSERT INTO Director(nameId, titleId) VALUES(7, 14);
INSERT INTO Director(nameId, titleId) VALUES(6, 15);
INSERT INTO Director(nameId, titleId) VALUES(5, 16);
INSERT INTO Director(nameId, titleId) VALUES(4, 17);
INSERT INTO Director(nameId, titleId) VALUES(3, 18);
INSERT INTO Director(nameId, titleId) VALUES(2, 19);
INSERT INTO Director(nameId, titleId) VALUES(1, 20);

INSERT INTO Writer(nameId, titleId) VALUES(10, 1);
INSERT INTO Writer(nameId, titleId) VALUES(9, 2);
INSERT INTO Writer(nameId, titleId) VALUES(8, 3);
INSERT INTO Writer(nameId, titleId) VALUES(7, 4);
INSERT INTO Writer(nameId, titleId) VALUES(6, 5);
INSERT INTO Writer(nameId, titleId) VALUES(5, 6);
INSERT INTO Writer(nameId, titleId) VALUES(4, 7);
INSERT INTO Writer(nameId, titleId) VALUES(3, 8);
INSERT INTO Writer(nameId, titleId) VALUES(2, 9);
INSERT INTO Writer(nameId, titleId) VALUES(1, 10);
INSERT INTO Writer(nameId, titleId) VALUES(1, 11);
INSERT INTO Writer(nameId, titleId) VALUES(2, 12);
INSERT INTO Writer(nameId, titleId) VALUES(3, 13);
INSERT INTO Writer(nameId, titleId) VALUES(4, 14);
INSERT INTO Writer(nameId, titleId) VALUES(5, 15);
INSERT INTO Writer(nameId, titleId) VALUES(6, 16);
INSERT INTO Writer(nameId, titleId) VALUES(7, 17);
INSERT INTO Writer(nameId, titleId) VALUES(8, 18);
INSERT INTO Writer(nameId, titleId) VALUES(9, 19);
INSERT INTO Writer(nameId, titleId) VALUES(10, 20);

INSERT INTO Principal(nameId, titleId, jobId, [order], [character]) VALUES(10, 1, 1, 1, 'Character 1');
INSERT INTO Principal(nameId, titleId, jobId, [order], [character]) VALUES(9, 2, 2, 2, 'Character 2');
INSERT INTO Principal(nameId, titleId, jobId, [order], [character]) VALUES(8, 3, 3, 3, 'Character 3');
INSERT INTO Principal(nameId, titleId, jobId, [order], [character]) VALUES(7, 4, 4, 4, 'Character 4');
INSERT INTO Principal(nameId, titleId, jobId, [order], [character]) VALUES(6, 5, 5, 5, 'Character 5');
INSERT INTO Principal(nameId, titleId, jobId, [order], [character]) VALUES(5, 6, 6, 6, 'Character 6');
INSERT INTO Principal(nameId, titleId, jobId, [order], [character]) VALUES(4, 7, 7, 7, 'Character 7');
INSERT INTO Principal(nameId, titleId, jobId, [order], [character]) VALUES(3, 8, 8, 8, 'Character 8');
INSERT INTO Principal(nameId, titleId, jobId, [order], [character]) VALUES(2, 9, 9, 9, 'Character 9');
INSERT INTO Principal(nameId, titleId, jobId, [order], [character]) VALUES(1, 10, 10, 10, 'Character 10');
INSERT INTO Principal(nameId, titleId, jobId, [order], [character]) VALUES(10, 11, 11, 11, 'Character 11');
INSERT INTO Principal(nameId, titleId, jobId, [order], [character]) VALUES(9, 12, 12, 12, 'Character 12');
INSERT INTO Principal(nameId, titleId, jobId, [order], [character]) VALUES(8, 13, 13, 13, 'Character 13');
INSERT INTO Principal(nameId, titleId, jobId, [order], [character]) VALUES(7, 14, 14, 14, 'Character 14');
INSERT INTO Principal(nameId, titleId, jobId, [order], [character]) VALUES(6, 15, 15, 15, 'Character 15');
INSERT INTO Principal(nameId, titleId, jobId, [order], [character]) VALUES(5, 16, 16, 16, 'Character 16');
INSERT INTO Principal(nameId, titleId, jobId, [order], [character]) VALUES(4, 17, 17, 17, 'Character 17');
INSERT INTO Principal(nameId, titleId, jobId, [order], [character]) VALUES(3, 18, 18, 18, 'Character 18');
INSERT INTO Principal(nameId, titleId, jobId, [order], [character]) VALUES(2, 19, 19, 19, 'Character 19');
INSERT INTO Principal(nameId, titleId, jobId, [order], [character]) VALUES(1, 20, 20, 20, 'Character 20');

INSERT INTO Episode(titleId, season, episode) VALUES(2, 1, 1);
INSERT INTO Episode(titleId, season, episode) VALUES(4, 1, 1);
INSERT INTO Episode(titleId, season, episode) VALUES(6, 1, 1);
INSERT INTO Episode(titleId, season, episode) VALUES(8, 1, 1);
INSERT INTO Episode(titleId, season, episode) VALUES(10, 1, 1);
INSERT INTO Episode(titleId, season, episode) VALUES(12, 1, 1);
INSERT INTO Episode(titleId, season, episode) VALUES(14, 1, 1);
INSERT INTO Episode(titleId, season, episode) VALUES(16, 1, 1);
INSERT INTO Episode(titleId, season, episode) VALUES(18, 1, 1);
INSERT INTO Episode(titleId, season, episode) VALUES(20, 1, 1);

INSERT INTO Episode(titleId, parentId, season, episode) VALUES(2, 1, 1, 2);
INSERT INTO Episode(titleId, parentId, season, episode) VALUES(4, 2, 1, 2);
INSERT INTO Episode(titleId, parentId, season, episode) VALUES(6, 3, 1, 2);
INSERT INTO Episode(titleId, parentId, season, episode) VALUES(8, 4, 1, 2);
INSERT INTO Episode(titleId, parentId, season, episode) VALUES(10, 5, 1, 2);
INSERT INTO Episode(titleId, parentId, season, episode) VALUES(12, 6, 1, 2);
INSERT INTO Episode(titleId, parentId, season, episode) VALUES(14, 7, 1, 2);
INSERT INTO Episode(titleId, parentId, season, episode) VALUES(16, 8, 1, 2);
INSERT INTO Episode(titleId, parentId, season, episode) VALUES(18, 9, 1, 2);
INSERT INTO Episode(titleId, parentId, season, episode) VALUES(20, 10, 1, 2);
